{"cameraMode":{"drawMode":0,"name":"Shaded","section":"Shading Mode"},"sceneLighting":false,"audioPlay":false,"sceneViewState":{"m_AlwaysRefresh":false,"showFog":true,"showSkybox":true,"showFlares":true,"showImageEffects":true,"showParticleSystems":true,"showVisualEffectGraphs":true,"m_FxEnabled":true},"in2DMode":false,"pivot":{"x":-0.6028624773025513,"y":0.6015300750732422,"z":-0.059027403593063357},"rotation":{"x":-0.10101918131113053,"y":0.3853300213813782,"z":-0.04248381033539772,"w":-0.9162482023239136},"size":0.8660253882408142,"orthographic":false}