{"cameraMode":{"drawMode":0,"name":"Shaded","section":"Shading Mode"},"sceneLighting":true,"audioPlay":false,"sceneViewState":{"m_AlwaysRefresh":false,"showFog":true,"showSkybox":true,"showFlares":true,"showImageEffects":true,"showParticleSystems":true,"showVisualEffectGraphs":true,"m_FxEnabled":true},"in2DMode":false,"pivot":{"x":0.8267675638198853,"y":-1.0186989307403565,"z":3.781259536743164},"rotation":{"x":-0.08564851433038712,"y":0.036140237003564838,"z":-0.003108780598267913,"w":-0.995664656162262},"size":5.46779727935791,"orthographic":false}