{"cameraMode":{"drawMode":0,"name":"Shaded","section":"Shading Mode"},"sceneLighting":false,"audioPlay":false,"sceneViewState":{"m_AlwaysRefresh":false,"showFog":true,"showSkybox":true,"showFlares":true,"showImageEffects":true,"showParticleSystems":true,"showVisualEffectGraphs":true,"m_FxEnabled":true},"in2DMode":false,"pivot":{"x":-0.1008831262588501,"y":0.7275851964950562,"z":-0.8533594608306885},"rotation":{"x":-0.13175944983959199,"y":0.04963764175772667,"z":-0.006605728063732386,"w":-0.9900161027908325},"size":0.9049965143203735,"orthographic":false}