{"cameraMode":{"drawMode":0,"name":"Shaded","section":"Shading Mode"},"sceneLighting":false,"audioPlay":false,"sceneViewState":{"m_AlwaysRefresh":false,"showFog":true,"showSkybox":true,"showFlares":true,"showImageEffects":true,"showParticleSystems":true,"showVisualEffectGraphs":true,"m_FxEnabled":true},"in2DMode":false,"pivot":{"x":-0.08989173173904419,"y":1.1691193580627442,"z":-2.4228718280792238},"rotation":{"x":-0.046784237027168277,"y":-0.0188806913793087,"z":0.0008844867697916925,"w":-0.9987258911132813},"size":0.5722172260284424,"orthographic":false}